Brand,Processor_Speed,RAM_Size,RAM Size ID,Storage_Capacity,Storage Capacity ID,Screen_Size,Weight,Price
Asus,3.830295706,16,3,512,2,11,2.641094425,17395.0931
Acer,2.912832959,4,1,1000,3,11,3.260012222,31607.6059
Lenovo,3.24162706,4,1,256,1,12,2.029060648,9291.0235
Acer,3.806248453,16,3,512,2,12,4.573865273,17436.7283
Acer,3.268096586,32,4,1000,3,15,4.193472033,32917.9907
HP,1.881347607,16,3,256,1,12,4.840268106,9543.72
Lenovo,2.9407209,32,4,256,1,12,4.344846438,10390.1373
Lenovo,3.016787616,4,1,256,1,16,2.941119536,9214.4845
Lenovo,2.560326678,4,1,512,2,15,2.743620076,16372.1753
Acer,3.341110589,32,4,512,2,14,4.093148923,18501.8327
Asus,3.835917537,4,1,1000,3,14,3.092338325,31967.6076
Lenovo,3.813921282,32,4,512,2,13,3.698645047,18534.1086
Acer,2.627098429,8,2,512,2,14,2.018772413,17495.9836
HP,1.783095115,16,3,256,1,14,2.185657105,9731.9824
Asus,3.962102997,8,2,256,1,13,3.606103824,9831.39
HP,3.597245216,32,4,256,1,16,3.698214939,11038.9281
Asus,1.811656703,16,3,256,1,11,4.254358833,8971.5125
Acer,3.802104707,32,4,256,1,16,2.395895959,10915.0572
Dell,3.674740905,16,3,256,1,12,3.539549251,9637.8916
Asus,2.797095143,16,3,256,1,16,2.583342933,9593.1106
HP,2.978188589,16,3,1000,3,15,2.279588359,31965.3566
Acer,2.49750676,16,3,1000,3,16,3.231487382,32025.8367
Asus,1.636904097,32,4,1000,3,12,2.490009944,32764.2744
Dell,2.337993104,16,3,1000,3,14,2.665345935,32114.8208
Dell,3.507133621,16,3,256,1,14,2.95266374,9929.5144
Lenovo,1.511580058,8,2,1000,3,15,2.778165202,31623.8142
Lenovo,2.333747929,4,1,256,1,14,2.262773892,9264.934
HP,2.495421734,4,1,1000,3,14,2.269748735,31549.7998
Asus,2.843489007,8,2,512,2,14,2.579748246,16729.5509
Asus,3.799639041,8,2,1000,3,13,2.151677564,31747.6046
Lenovo,2.365864986,32,4,1000,3,14,3.879371059,32817.5166
Asus,2.367383005,32,4,256,1,12,2.86198015,10605.7665
Asus,3.34375312,32,4,1000,3,17,2.839237903,32810.0239
Dell,2.630544852,8,2,512,2,15,2.995994883,17059.6093
Lenovo,2.061512057,8,2,256,1,17,3.988388823,8973.5897
Acer,2.63109879,16,3,256,1,12,4.611901644,9912.4916
Lenovo,1.852142551,32,4,1000,3,16,4.277260798,32801.6463
Acer,1.940967466,32,4,256,1,16,4.182587691,10174.1952
Dell,2.745919432,32,4,256,1,15,3.453173557,10325.3647
HP,2.547313624,4,1,256,1,15,4.081416671,9221.1384
Asus,3.787114753,16,3,256,1,13,3.658287104,10233.7858
Dell,2.405984748,32,4,256,1,16,2.648751585,10333.3216
Asus,2.951470876,32,4,256,1,14,2.625765103,10781.5392
HP,3.08066072,32,4,512,2,11,2.889176021,18167.2998
HP,1.532736141,4,1,1000,3,13,4.732408013,31381.4055
Dell,3.15884343,4,1,512,2,17,3.642244521,17124.2201
HP,1.945089917,8,2,256,1,16,4.201716131,9280.1424
Acer,3.902675794,16,3,256,1,17,3.039676279,9701.0888
HP,1.871656819,8,2,1000,3,15,3.223147312,31673.6962
Asus,2.536560309,16,3,512,2,12,2.376696736,17493.6502
Asus,1.71337417,4,1,1000,3,12,2.513884873,31339.1597
Asus,3.99218563,32,4,512,2,12,4.482069664,18495.181
Asus,2.755487526,8,2,256,1,11,3.754515895,9140.1704
Acer,2.988462543,32,4,1000,3,13,3.012597398,33151.0409
Lenovo,1.667691193,8,2,1000,3,12,4.408553627,31612.052
Dell,3.374901176,4,1,256,1,13,2.739559717,9081.8987
Asus,2.024763983,4,1,1000,3,17,4.928098096,31650.7301
HP,3.745135724,4,1,512,2,14,3.034452823,17076.6813
Asus,2.012849101,8,2,512,2,16,3.011932862,16983.636
HP,1.976719302,16,3,512,2,15,2.935735717,17283.376
HP,1.59137417,8,2,512,2,12,2.366334548,16788.6686
Asus,2.680167363,16,3,256,1,13,2.333411442,10029.5818
Acer,2.912102833,8,2,1000,3,12,3.944315104,31879.6628
HP,1.664271599,8,2,512,2,13,4.625354134,17008.9857
HP,3.438819042,4,1,256,1,15,4.371561531,9362.266
Asus,2.633222087,32,4,1000,3,11,2.423322782,33008.8989
HP,2.810975673,32,4,1000,3,12,3.636746365,32703.6132
HP,2.601906867,16,3,256,1,13,2.316774638,9859.6751
Asus,2.501907652,32,4,256,1,17,2.135883931,10566.171
Asus,2.899100828,8,2,512,2,16,3.969157578,16702.351
Dell,1.888100615,8,2,1000,3,15,3.605457001,31232.3636
Acer,1.954820326,4,1,1000,3,12,2.246071056,31169.8505
Acer,3.654464053,4,1,256,1,16,2.104817739,9486.5949
HP,3.865288655,32,4,1000,3,16,4.96926924,33005.1813
Acer,2.433273291,16,3,512,2,15,2.090063996,17299.663
HP,2.176861683,32,4,1000,3,17,3.333584759,32993.5321
Dell,3.109998858,32,4,256,1,13,3.513857074,10514.8892
Asus,2.521835428,32,4,256,1,17,2.351840443,10859.9628
Asus,1.563465889,32,4,512,2,16,2.507185335,18310.4138
Asus,1.890381493,8,2,512,2,11,3.055415019,16833.2761
Acer,3.289930572,16,3,1000,3,14,4.285027629,32339.8421
Dell,3.147309855,8,2,1000,3,17,3.521247272,31954.9501
Acer,1.567739981,16,3,256,1,12,3.913705624,9437.6524
Acer,2.054930405,4,1,512,2,14,4.955523665,16879.4919
Dell,2.077686991,32,4,512,2,17,4.304016306,18371.7525
Dell,3.179731859,8,2,512,2,14,3.303084494,16959.0879
Dell,1.549276344,16,3,1000,3,12,3.339325765,31849.9496
Dell,1.760271455,4,1,512,2,14,3.856316231,16691.8539
Asus,3.499790213,4,1,256,1,12,3.996095625,9454.4538
Lenovo,1.946361655,32,4,256,1,14,3.502132778,10327.8438
Lenovo,3.13186527,16,3,1000,3,11,3.934583668,31996.3602
Dell,2.095456953,8,2,1000,3,15,2.070597483,31624.8433
Lenovo,1.748603482,32,4,512,2,14,3.288868592,18295.1186
Lenovo,2.107930477,8,2,1000,3,15,2.836814228,31362.1619
Dell,3.30566733,4,1,256,1,15,2.387523336,9107.9811
Lenovo,3.63924117,8,2,512,2,14,2.298639538,17146.7136
Acer,3.575549661,8,2,256,1,15,3.809576497,9491.2722
HP,2.492958824,32,4,512,2,12,3.570801641,17807.0402
HP,3.170212841,8,2,1000,3,15,2.760752351,32097.5173
Dell,2.012460739,32,4,512,2,12,3.412850176,18042.9556
Asus,2.232869326,4,1,512,2,17,3.476696946,16746.8487
Dell,3.740839546,32,4,256,1,11,2.585026941,11055.0452
Asus,1.532504809,32,4,256,1,14,3.956279186,10462.1418
HP,1.713771327,16,3,512,2,15,4.342758069,17155.738
Dell,2.019715638,8,2,1000,3,14,4.374390623,31568.0835
Acer,1.56633051,4,1,1000,3,12,3.807409492,31197.896
Lenovo,1.953588588,32,4,256,1,14,3.534915748,10711.4442
Asus,2.957603902,4,1,1000,3,15,2.183021429,31533.2016
Lenovo,2.553561376,16,3,256,1,15,2.863493897,9478.1205
Lenovo,3.731679278,8,2,1000,3,13,2.27981434,31512.8841
Dell,3.543608904,32,4,512,2,14,4.891469483,18702.4786
Lenovo,2.354543379,8,2,256,1,14,2.405240439,9143.2157
Acer,2.148558584,16,3,256,1,15,2.45532623,9819.8475
Lenovo,2.44923102,16,3,512,2,15,4.668729855,17407.5384
Dell,2.975737356,4,1,256,1,14,4.83178485,9126.5894
Acer,2.170159102,32,4,1000,3,12,4.297487118,32689.0304
HP,3.06037227,4,1,1000,3,11,2.016214771,31828.8301
Lenovo,2.52352913,16,3,256,1,12,2.004038813,9415.9426
Dell,2.880117952,8,2,1000,3,12,3.134302309,31601.4374
HP,2.590316323,4,1,256,1,14,2.43018611,9328.9647
HP,2.236164399,4,1,512,2,15,2.055158426,16523.5233
Asus,3.871133267,8,2,256,1,12,3.392200068,9829.3314
Acer,3.409014485,4,1,512,2,17,4.829185692,17204.6478
Lenovo,1.850282939,8,2,1000,3,11,2.971458725,31515.503
Dell,3.67116994,32,4,512,2,16,3.983422035,18366.4445
Asus,2.718577996,8,2,1000,3,15,3.956706059,31416.8599
Acer,3.736380567,32,4,256,1,13,2.753240311,10905.9795
Asus,3.49963814,8,2,1000,3,11,3.951275746,32336.2025
Acer,2.563033761,16,3,256,1,15,2.637001923,9790.7136
Acer,1.556173271,16,3,256,1,13,2.366022241,9168.639
Lenovo,2.171693398,32,4,512,2,17,4.104149857,18277.1525
Acer,2.854085537,32,4,512,2,14,2.340322451,18464.5053
Asus,3.08369555,16,3,512,2,17,4.990727656,17376.0195
Acer,2.144719214,32,4,512,2,12,2.550357203,17980.7959
Lenovo,1.848390185,8,2,1000,3,15,3.782425588,31389.4652
Lenovo,3.587325592,8,2,1000,3,15,3.234123714,31772.921
Asus,3.961005452,16,3,1000,3,15,2.379159267,32342.7059
HP,2.814225456,4,1,256,1,12,2.083531723,8995.5897
HP,1.929198215,8,2,1000,3,15,3.868196847,31299.7895
Acer,2.180768316,32,4,1000,3,14,4.420272691,32806.5909
Dell,1.545976691,4,1,1000,3,15,4.526046985,31236.5415
Acer,3.785747016,4,1,512,2,13,3.448140419,16954.665
Asus,1.794377707,8,2,1000,3,16,4.332366402,31558.9967
Asus,2.941291189,8,2,256,1,12,4.0185414,9054.1538
Asus,2.185138052,4,1,512,2,16,4.172763582,16824.8033
Asus,2.885445006,4,1,256,1,16,3.477797016,9162.5317
Asus,3.128550971,16,3,1000,3,16,3.900235221,32252.676
Lenovo,3.574354509,32,4,512,2,14,4.416577741,18492.1621
HP,2.016053179,16,3,256,1,14,3.193652527,9850.1106
Asus,1.527489572,8,2,1000,3,17,4.417936703,31521.4609
Dell,1.842214075,16,3,256,1,12,3.776050528,9771.5267
Dell,3.750046605,16,3,256,1,14,2.497703073,9926.2748
Dell,3.684725194,16,3,256,1,15,2.074052472,9941.8501
Dell,2.993532755,16,3,1000,3,15,3.088260801,32153.7424
Lenovo,3.001292151,32,4,1000,3,12,3.640088985,33063.1655
Dell,3.162591686,32,4,256,1,15,4.519461057,10791.9948
Asus,1.938428197,4,1,512,2,16,2.38245704,16769.0798
Acer,3.786029865,8,2,512,2,11,4.400619043,16953.6549
Dell,2.546926312,16,3,1000,3,16,4.589027138,32215.4894
Lenovo,2.457846321,4,1,1000,3,11,2.452062461,31218.3082
Lenovo,2.797294263,4,1,1000,3,13,4.554782958,31293.4481
Dell,1.617414917,4,1,1000,3,11,4.974360704,30967.9399
Acer,1.915708422,32,4,1000,3,11,4.180516493,32653.9602
Dell,3.345084041,16,3,512,2,16,4.354309045,17857.1588
Lenovo,1.70699667,16,3,1000,3,13,4.983245803,31661.0781
HP,3.007880274,8,2,256,1,14,3.816443752,9750.0994
Asus,2.113372774,16,3,256,1,12,2.923659146,9801.2413
Lenovo,2.473239035,16,3,512,2,15,4.512592502,17108.253
Dell,2.221734342,4,1,256,1,15,3.843457333,9000.7336
Asus,2.389181791,8,2,512,2,13,3.743586271,16757.0145
Dell,3.297614763,16,3,512,2,13,2.760906667,17684.8692
Dell,2.242804289,32,4,256,1,16,4.269002809,10314.4339
HP,2.916011601,16,3,1000,3,13,2.245001828,31802.5225
Asus,2.690126005,4,1,256,1,14,4.772861212,9084.3716
Asus,3.159177913,32,4,256,1,13,2.977470382,10869.9363
HP,3.842074348,4,1,512,2,16,2.383323958,17080.4907
Lenovo,3.331430243,16,3,256,1,13,3.327099599,9960.3976
Dell,2.037350946,32,4,512,2,14,2.127409728,18215.2756
Acer,1.577957838,8,2,1000,3,13,4.053878583,31123.0005
Dell,2.155660111,8,2,1000,3,17,4.708116531,31442.6952
Dell,2.987694827,32,4,1000,3,13,4.511789021,32908.6934
Lenovo,1.628564534,32,4,256,1,16,2.38210842,10282.9099
Dell,2.740915618,4,1,512,2,14,2.378813411,17196.5854
HP,2.992107122,32,4,1000,3,12,4.440303447,32653.1
HP,2.335609727,4,1,512,2,16,4.772762824,16613.5085
Asus,3.427280509,16,3,512,2,13,3.38200949,17629.7777
Acer,1.766495633,4,1,1000,3,16,3.496913351,31216.5745
Dell,1.687844454,32,4,1000,3,16,2.954786124,32159.4854
Dell,3.320471891,32,4,512,2,16,4.682795355,18787.3815
Lenovo,2.738728291,16,3,1000,3,11,3.934708716,31817.7384
HP,3.221005991,32,4,512,2,16,2.864754732,18502.217
Acer,2.587068347,32,4,512,2,13,2.896348613,17967.1327
Asus,2.116005083,8,2,1000,3,16,4.673600219,31428.7048
HP,3.547755794,8,2,256,1,15,2.040902072,9241.11
Asus,3.498539697,16,3,1000,3,16,2.968179718,32141.8246
Lenovo,3.236741177,4,1,256,1,14,3.663070044,9141.793
Lenovo,2.180362843,8,2,512,2,14,2.444652386,16929.316
Dell,2.975576667,4,1,512,2,12,2.276296263,16795.1651
Acer,2.402434742,32,4,256,1,16,4.445828993,10241.8032
Asus,1.728955183,8,2,512,2,14,4.683213166,16724.5057
HP,3.793283939,16,3,256,1,14,4.470819262,10263.3603
Lenovo,1.842046577,16,3,256,1,16,4.696363669,9881.3355
Dell,3.875593385,16,3,512,2,15,3.659335913,17781.5242
Dell,2.615014432,8,2,256,1,12,4.436774363,9435.3868
Asus,1.962832322,4,1,1000,3,15,3.152127915,31764.0377
Lenovo,2.854752368,32,4,1000,3,13,3.998803584,33014.1279
Acer,3.68236459,4,1,512,2,14,4.966506594,17151.9889
Lenovo,3.330562216,4,1,512,2,11,2.677183172,16609.8214
Asus,3.51640287,32,4,256,1,12,3.169699239,10474.261
Asus,3.146958417,32,4,256,1,13,3.440142132,10622.1768
Lenovo,3.230691411,8,2,256,1,15,2.414046461,9346.0646
Asus,3.622989129,8,2,256,1,11,2.243115831,9303.9547
Lenovo,2.124170022,8,2,1000,3,13,4.489168599,31372.5038
HP,2.723562409,8,2,1000,3,17,4.930383118,31441.5777
Lenovo,2.053023605,8,2,512,2,12,3.214175191,16713.6117
Lenovo,3.96917002,32,4,256,1,14,2.262949509,10901.0625
Asus,3.860148349,4,1,256,1,16,2.197435282,9803.7028
Asus,1.598567028,8,2,512,2,17,4.673954619,17025.4741
Dell,3.263937931,8,2,256,1,15,3.391442749,9635.7175
Dell,3.813120794,4,1,256,1,15,2.96008195,9094.7845
HP,1.951438363,8,2,256,1,16,3.429383814,9279.0317
Dell,2.919863076,4,1,256,1,14,2.954912284,9194.5757
Lenovo,3.788720744,4,1,256,1,16,3.467107326,9477.9226
Asus,1.584864946,32,4,512,2,11,4.578669191,17880.0045
Dell,3.243550668,16,3,256,1,17,3.776904113,10254.3038
Dell,2.243372518,32,4,512,2,14,4.083961318,18151.5868
HP,3.810990488,16,3,256,1,14,3.094012029,10027.7083
HP,3.927645613,16,3,1000,3,13,4.215517636,31901.4718
Lenovo,3.860666223,16,3,1000,3,15,3.999851255,32319.9033
Asus,2.685535542,8,2,1000,3,11,2.358685993,31872.5684
HP,3.655106627,32,4,1000,3,16,3.717928559,33229.6735
Dell,3.611373496,16,3,512,2,16,2.770230489,17242.8282
Asus,2.297751183,4,1,512,2,12,4.412287009,16631.4196
Asus,3.572288685,8,2,256,1,16,3.277813125,9925.1784
Dell,1.592519087,32,4,1000,3,16,4.984052496,32652.8981
HP,2.990674696,16,3,512,2,15,2.277501314,17595.7091
Dell,2.075022093,4,1,256,1,13,4.341043588,9340.2183
Asus,1.801417214,32,4,256,1,13,4.021105201,10321.7294
Acer,1.692383004,32,4,512,2,12,4.302496492,18161.4716
Acer,3.24072194,8,2,1000,3,13,2.922589386,31859.4307
Lenovo,2.349687409,32,4,256,1,16,3.476163468,10668.6326
Dell,3.311916929,8,2,1000,3,11,4.389525559,31823.6482
Dell,1.663390852,16,3,1000,3,16,2.697623995,31815.6405
Lenovo,2.288225845,8,2,1000,3,13,2.67809959,31503.1715
Lenovo,2.848728231,4,1,256,1,14,3.65315286,9024.8908
Lenovo,3.476807912,8,2,1000,3,16,3.570690739,31547.0511
Asus,2.296881257,4,1,256,1,16,2.846787411,9385.9395
Dell,3.064728441,8,2,1000,3,13,2.894226952,31747.3938
Asus,3.714944371,32,4,256,1,14,2.83353549,11008.9068
Lenovo,3.03965797,16,3,1000,3,13,4.314536186,32447.6027
Dell,2.082398687,4,1,512,2,11,3.955702597,16669.1963
Asus,1.561001954,8,2,1000,3,13,4.49725155,31160.0432
Asus,3.675247185,8,2,1000,3,14,4.926419085,31821.6503
Lenovo,1.553173527,8,2,256,1,13,3.422492889,8991.5123
Dell,3.686754182,32,4,256,1,15,2.200081644,10405.9514
Lenovo,2.822342835,32,4,1000,3,13,2.144276931,32808.8565
Dell,3.847669246,4,1,512,2,14,2.886995118,17065.0816
Acer,3.496958089,4,1,512,2,14,4.797633768,16854.3034
HP,3.994835276,32,4,256,1,15,3.569639165,10697.8368
HP,2.376779539,4,1,512,2,16,2.815359548,16575.2518
HP,3.417970722,16,3,1000,3,14,3.197500384,32274.6303
Lenovo,2.504827284,16,3,256,1,16,3.795785322,10131.5933
Acer,2.699689051,32,4,1000,3,13,3.958848974,33111.6885
Dell,3.068763658,4,1,256,1,14,2.461758529,9384.8249
Asus,3.684192785,8,2,256,1,13,4.93109503,9664.037
Dell,3.960208673,16,3,256,1,13,3.634316681,9978.8741
Asus,3.420683535,32,4,256,1,15,2.407064953,10387.0531
Dell,2.544416955,4,1,512,2,16,4.68090576,16773.9875
Acer,2.553392506,32,4,1000,3,12,2.223915293,32629.1633
Asus,3.343955754,8,2,1000,3,15,4.7232063,31848.6551
Lenovo,2.096942864,16,3,1000,3,14,4.989696969,32205.9918
Dell,1.776185283,32,4,256,1,12,4.101295397,10723.1158
Dell,2.386555394,32,4,512,2,12,4.311341663,18152.5492
Asus,2.218097479,32,4,1000,3,13,3.011908509,32437.3894
Lenovo,2.240770301,8,2,512,2,12,4.824730558,16912.4737
Lenovo,2.084019378,32,4,256,1,12,3.589141898,10428.1312
Acer,1.605232974,8,2,1000,3,13,4.19716534,31566.9558
Lenovo,1.544684837,8,2,512,2,13,4.772323148,16777.6555
Lenovo,3.969305974,8,2,256,1,15,4.925539928,9647.8363
Lenovo,2.569432834,16,3,512,2,14,4.49961307,17291.1077
HP,2.460816618,16,3,1000,3,17,2.909052521,32039.042
Acer,3.199118207,32,4,1000,3,13,4.89964255,33063.242
Dell,2.04563472,32,4,256,1,16,3.884358594,10059.0504
Asus,3.87490296,16,3,256,1,16,4.791927429,9968.1798
Dell,3.465862536,4,1,256,1,15,4.028315077,9471.9468
Acer,1.723527506,16,3,512,2,13,2.921716886,17573.0579
Asus,2.543951939,8,2,512,2,16,3.110073572,16968.4537
Acer,3.697795769,16,3,512,2,12,3.651415331,17844.559
Lenovo,3.861830056,8,2,256,1,13,4.370044525,9905.9766
Asus,2.668503778,32,4,1000,3,14,2.953947654,32812.687
Lenovo,3.033528473,4,1,1000,3,14,3.739193498,31446.7212
Dell,1.917584865,32,4,512,2,11,3.036874981,17999.3903
Dell,3.977921565,8,2,512,2,17,4.447308214,17328.1346
Asus,2.079179253,8,2,1000,3,15,3.400184281,31803.5938
Asus,3.856829435,8,2,1000,3,14,2.230168481,31773.8036
Acer,3.124116622,4,1,512,2,17,2.498157564,17299.4301
Acer,3.019341987,16,3,512,2,14,2.183314003,17354.5752
Lenovo,2.781721278,32,4,1000,3,17,3.497908838,32706.1325
Asus,2.076674529,32,4,256,1,14,2.319011892,10558.3744
Dell,1.94132008,16,3,512,2,12,2.342419908,17504.6662
Acer,2.051215523,32,4,1000,3,16,4.82314478,32809.5189
Acer,1.966095655,4,1,1000,3,15,4.617965217,31435.5241
Dell,3.448961184,32,4,1000,3,16,3.35625979,33459.8475
Acer,2.375313148,8,2,1000,3,17,4.957415963,31908.5921
Lenovo,1.644606691,16,3,256,1,16,2.000559585,9608.2795
Asus,3.922756575,4,1,1000,3,15,3.841938369,31653.2629
Dell,3.709464712,16,3,512,2,16,3.849284532,17905.2889
Asus,3.819380708,4,1,256,1,15,3.372329168,9576.7992
Acer,3.987269557,8,2,1000,3,13,3.190843919,32018.2351
Acer,1.934738123,16,3,256,1,16,3.366149406,9594.1578
Dell,2.490605047,32,4,512,2,12,3.244881308,18157.0223
Lenovo,3.395596189,4,1,1000,3,15,4.191477432,31613.4575
HP,3.240051545,16,3,512,2,16,2.406066305,17547.6635
Dell,1.884739766,32,4,1000,3,15,2.592917662,32638.5471
HP,3.539582812,16,3,1000,3,15,2.541554685,32339.2138
HP,2.06110143,16,3,1000,3,16,2.787411755,31865.3997
Lenovo,2.059544037,16,3,1000,3,14,3.575775256,31987.4335
HP,2.842436057,4,1,1000,3,16,2.333626242,31150.0768
HP,2.982349837,32,4,256,1,12,4.604507886,10454.8624
Lenovo,2.95021552,8,2,1000,3,12,2.892084594,31916.0745
HP,1.728717093,4,1,1000,3,13,2.487613962,31095.0425
HP,3.693652157,4,1,256,1,14,4.026863929,9480.6715
HP,2.164000106,4,1,256,1,14,2.114258902,8909.4681
Dell,1.823787303,8,2,256,1,16,3.859905695,9379.7874
Dell,3.7218702,32,4,256,1,13,4.094595292,10692.5545
Dell,3.889128746,32,4,256,1,14,2.644749594,10742.1703
Lenovo,3.655319043,32,4,256,1,11,2.12589222,10722.2793
Acer,3.523790187,16,3,1000,3,13,3.090936077,31974.332
HP,3.138104952,16,3,1000,3,15,2.295782691,32396.8142
HP,2.877143427,16,3,512,2,11,2.349433549,17694.482
Lenovo,1.7174669,8,2,1000,3,13,2.762783694,31397.5651
HP,2.521133033,16,3,1000,3,12,2.886403774,32125.1582
Dell,2.431721293,8,2,256,1,11,3.589911023,9411.2655
Acer,2.149384459,32,4,256,1,14,4.035175657,10428.7848
Asus,3.308550284,16,3,1000,3,12,3.778312823,31944.0843
HP,2.739689338,16,3,512,2,15,2.445081012,17811.4733
Dell,1.70261554,4,1,256,1,16,2.516258097,8938.6075
Asus,2.050458005,8,2,1000,3,14,4.636307749,31427.3718
Acer,3.208146909,32,4,1000,3,17,3.675056945,33370.4421
Asus,1.690327149,4,1,512,2,14,4.609813499,16748.0365
Dell,3.628017285,4,1,512,2,14,3.114639534,17087.5473
Asus,2.737866318,32,4,256,1,17,3.843200022,10433.6953
Lenovo,2.701466443,4,1,512,2,12,3.570990248,16972.93
Asus,2.981019462,8,2,1000,3,17,2.957370469,32379.0394
HP,3.561702415,8,2,1000,3,11,3.409746116,31979.4851
HP,2.36952302,16,3,512,2,14,3.50747263,17471.614
Lenovo,3.195040381,4,1,512,2,11,2.602312924,17045.6039
Dell,2.91432991,16,3,512,2,15,2.945031117,17455.3008
HP,2.167570675,4,1,512,2,15,4.374229252,16675.2508
Acer,3.696574966,8,2,256,1,15,4.747364718,9506.5484
HP,3.493565054,8,2,512,2,13,3.079382281,17077.8668
HP,3.146129587,8,2,256,1,13,2.920916847,9373.8656
Dell,3.626454323,4,1,1000,3,11,2.585591494,31553.4518
Asus,3.668235502,8,2,512,2,13,4.035473506,17166.3489
HP,3.270907442,4,1,256,1,17,2.969299105,9281.4675
Lenovo,3.592533321,16,3,512,2,13,4.963248617,17642.9837
Asus,3.243678654,4,1,1000,3,16,2.977054406,31654.4879
Acer,3.200351929,16,3,1000,3,16,3.18240814,32262.7979
Dell,3.046528446,4,1,1000,3,13,3.810002589,31840.4541
Acer,3.381791599,16,3,512,2,15,4.40505288,17603.4933
Asus,1.896512763,8,2,512,2,12,3.408555996,17278.8398
Asus,3.702176898,16,3,256,1,12,3.267968101,9990.735
Asus,3.679608819,8,2,1000,3,11,4.986913501,31722.4396
Acer,1.573118208,8,2,512,2,14,2.031480923,17113.9473
Asus,3.564541876,16,3,1000,3,14,4.685195867,32221.2795
Acer,1.822174669,4,1,1000,3,14,2.447422478,30846.9878
Asus,2.337797136,4,1,256,1,14,4.357775829,9085.7098
Lenovo,3.358770641,32,4,256,1,13,3.85379468,10625.4054
Asus,1.90189974,4,1,256,1,15,3.025541856,9352.7308
Acer,3.54491756,32,4,256,1,16,4.621624867,10574.2742
HP,3.580335445,4,1,1000,3,11,2.038721684,31550.9043
Asus,2.768669334,4,1,256,1,12,2.680071956,9405.3301
HP,1.515964679,8,2,256,1,15,3.700678389,9230.6562
Lenovo,2.217595333,32,4,256,1,13,3.05462678,10425.0759
Dell,3.042317296,4,1,256,1,15,3.831132486,9098.3531
Lenovo,3.952965445,32,4,1000,3,13,2.07233058,33201.8544
Asus,3.079533818,8,2,256,1,13,2.349376791,9433.4434
HP,2.149508953,8,2,1000,3,12,2.381288721,31391.5645
HP,3.085014258,32,4,512,2,13,2.567850938,18159.1428
Acer,2.849963449,8,2,1000,3,15,3.377994322,31565.9677
HP,3.449613488,16,3,1000,3,14,4.256386099,32020.8273
Acer,1.767451597,16,3,256,1,16,4.716616514,9786.0472
Dell,3.402569756,8,2,512,2,16,4.506117591,17377.6416
Asus,2.853166447,16,3,512,2,14,2.590663615,17676.8591
Acer,3.90748001,4,1,512,2,16,3.323451657,17120.1535
Dell,2.354680415,32,4,512,2,13,2.598234793,18113.2565
HP,3.081554733,4,1,1000,3,13,2.79341545,31513.2969
HP,3.830070264,32,4,512,2,15,3.510640945,18700.6613
Dell,1.75627432,8,2,1000,3,13,2.204327074,31131.5275
HP,3.843071218,4,1,1000,3,15,2.654522989,31629.7924
Dell,3.219714306,8,2,1000,3,12,4.806134484,31560.6571
Acer,1.669592648,8,2,512,2,15,3.398348878,17123.8851
Acer,2.252408917,32,4,256,1,16,3.336159578,10425.0103
Dell,3.270430222,32,4,256,1,16,2.043701464,10410.688
Acer,1.668376504,32,4,512,2,15,2.742199241,18117.8594
Acer,2.95542615,4,1,256,1,15,4.598877308,9160.564
Acer,2.364707642,16,3,256,1,14,2.493885285,9603.5682
Lenovo,3.052288794,32,4,1000,3,15,3.245374819,32836.1578
Asus,1.614355085,32,4,1000,3,12,2.042992718,32498.5822
HP,3.678842015,4,1,512,2,14,3.435006445,17176.3935
Lenovo,3.933722423,32,4,512,2,14,2.06306332,18544.9645
Acer,3.922194638,4,1,256,1,17,4.458828659,9415.2772
Dell,3.374129579,8,2,1000,3,14,4.474561302,31582.163
Acer,1.8252156,32,4,512,2,14,4.363226565,18033.5533
Asus,3.39565799,32,4,512,2,14,2.850092207,18446.7464
Acer,1.561467291,8,2,512,2,15,4.511711655,16883.3186
Dell,1.555308879,8,2,512,2,15,3.628994398,16876.7366
Asus,2.309025548,8,2,512,2,12,3.121424327,16753.0774
Acer,2.721607976,32,4,512,2,14,3.875989879,17768.3733
Asus,3.426018545,16,3,256,1,16,2.037023138,10323.8674
HP,3.208238442,16,3,1000,3,14,2.428882633,31931.0053
HP,2.614756766,16,3,1000,3,13,4.226880615,31641.1059
Acer,2.184066666,32,4,512,2,15,2.732484826,18194.1567
Asus,3.99281125,8,2,1000,3,16,3.794027352,31637.7704
Dell,2.565453256,32,4,1000,3,11,3.155307808,32648.1547
Acer,2.628467561,8,2,1000,3,16,4.564417336,31803.0343
HP,1.909059553,32,4,512,2,16,4.857245918,18466.3747
HP,3.487023872,32,4,512,2,14,4.650694185,18463.7829
Acer,3.234205564,8,2,1000,3,17,2.811859984,31768.8873
Asus,2.051924032,16,3,1000,3,16,2.582488607,31988.681
HP,1.705952614,8,2,512,2,16,3.423304681,16518.0798
Asus,3.201248255,4,1,256,1,15,2.022002453,9219.6198
HP,3.136278036,4,1,1000,3,12,2.077428179,31454.598
HP,2.183148817,8,2,256,1,12,3.659871919,9256.7645
Lenovo,3.877158906,32,4,1000,3,14,3.561348212,33503.935
HP,1.877644729,4,1,256,1,13,4.983745967,8570.013
Dell,2.580837003,4,1,256,1,13,2.605525506,9058.4055
Acer,3.8590398,32,4,256,1,16,2.774311787,10483.9786
Acer,2.549318292,32,4,512,2,16,2.340621927,18164.7038
Asus,3.096314869,16,3,256,1,15,4.752629029,9674.421
HP,2.493985995,32,4,256,1,16,4.333433733,10259.568
Dell,2.185538006,8,2,256,1,16,4.467017334,9469.1085
Asus,3.95994412,8,2,1000,3,14,4.708291364,31967.5136
Lenovo,2.523335016,16,3,256,1,12,3.57469996,9852.2189
Asus,3.735248009,4,1,1000,3,14,3.353579574,31588.8872
Asus,2.074886515,4,1,256,1,15,2.991174421,9059.2697
HP,2.03276176,32,4,256,1,14,3.767643843,10740.1744
Lenovo,1.577835207,8,2,512,2,15,3.36283519,16841.4073
Asus,3.129167063,4,1,1000,3,12,3.35469676,31685.197
Dell,2.421315859,16,3,256,1,15,4.810783591,9602.4246
Dell,3.660895625,16,3,1000,3,16,4.952094543,32443.3873
Acer,2.683024767,8,2,1000,3,15,4.389453168,31587.7471
Lenovo,3.92048357,16,3,512,2,17,4.270274271,17358.1811
Lenovo,1.963813789,16,3,512,2,16,4.041674485,17330.0277
Acer,3.67155792,8,2,512,2,16,2.498224557,17203.64
Asus,3.441492132,32,4,512,2,17,2.177317463,18133.5975
Lenovo,3.427304612,32,4,512,2,16,4.072178945,18459.1995
Dell,3.61195807,16,3,512,2,15,4.186358667,17462.7338
Dell,3.402559977,32,4,512,2,11,2.140918973,18958.3173
HP,3.065550804,32,4,512,2,14,4.784155251,18008.2793
Lenovo,1.828112194,16,3,256,1,14,2.273421918,9368.8427
Asus,1.581315449,32,4,1000,3,13,2.857701601,32818.0799
Acer,3.80211962,16,3,512,2,13,4.017169438,17611.8204
Acer,3.041625786,4,1,512,2,17,2.509617783,17148.4086
Asus,3.491343227,8,2,1000,3,16,2.166247665,31979.6897
HP,2.703805879,8,2,256,1,16,2.993439467,9296.2668
Acer,1.793270472,32,4,1000,3,13,4.297914725,32408.5779
Lenovo,1.812964481,32,4,1000,3,11,3.241036037,32866.043
HP,3.213913218,32,4,512,2,11,3.958918766,18035.1301
Lenovo,2.575764737,8,2,1000,3,13,3.738857292,31747.0091
Dell,2.001311817,4,1,1000,3,11,2.066655446,31485.2847
HP,2.728986367,4,1,512,2,11,4.965619961,16752.8155
Acer,1.660522343,8,2,512,2,16,2.124284266,16840.0245
HP,2.954928505,4,1,512,2,15,4.903408213,16709.9454
HP,2.172483511,8,2,512,2,13,3.649592535,17007.624
HP,3.493897752,4,1,1000,3,12,4.889477081,30976.6164
HP,2.275904897,16,3,1000,3,14,2.344260798,32156.2799
Lenovo,2.638050373,16,3,256,1,11,3.471225558,9717.4346
Dell,1.52905135,8,2,256,1,17,2.508512276,9148.7717
Asus,1.681117219,4,1,1000,3,13,2.152924631,31332.9325
HP,2.481233891,32,4,256,1,13,3.852587345,10231.2898
Acer,2.699847087,4,1,1000,3,13,2.623350263,30998.0086
HP,3.00005137,16,3,256,1,11,3.763091055,9864.4138
Acer,2.229156447,16,3,512,2,15,2.337093446,17642.3683
Lenovo,3.237454715,4,1,256,1,15,2.995959414,8957.6114
Acer,3.650305993,4,1,512,2,15,4.344897674,16837.2513
Asus,3.449627472,32,4,512,2,12,3.311154566,18503.8912
Dell,1.599047063,32,4,512,2,14,3.883236245,18102.2158
Acer,2.701267368,4,1,512,2,14,3.942373822,17441.7896
Acer,1.762325446,4,1,256,1,16,4.531265132,9226.4932
Dell,2.10511254,4,1,1000,3,13,2.974768383,31523.855
Asus,3.966656483,4,1,512,2,13,4.061886688,16924.533
HP,1.856238857,8,2,256,1,15,4.884847421,9301.5837
Acer,2.747220384,4,1,512,2,15,4.190730003,17162.5882
Dell,3.045389336,32,4,256,1,14,3.46961143,10597.8178
Lenovo,3.256162426,16,3,256,1,14,3.892152333,9842.0352
Dell,2.899121709,8,2,256,1,14,4.219048693,9425.2023
Lenovo,1.524427119,4,1,1000,3,16,3.836827297,31156.9429
Asus,2.316153271,16,3,256,1,14,2.05002744,9751.8631
HP,2.794279108,8,2,256,1,17,2.584320493,9494.5989
Dell,1.719666248,16,3,1000,3,14,4.431404652,32176.0969
Acer,2.376567328,4,1,1000,3,17,2.817951942,31443.1595
Asus,1.583007772,4,1,256,1,16,4.194686359,9109.5402
Dell,1.696446243,32,4,1000,3,13,3.116360646,32639.7043
Acer,2.492308191,4,1,512,2,16,3.565652984,16974.394
Dell,1.831789385,4,1,512,2,12,2.203919899,16587.5146
Lenovo,2.918852121,8,2,1000,3,17,2.543676683,31904.0339
Dell,3.223662423,32,4,1000,3,15,4.871590891,33137.461
Dell,3.501466748,8,2,256,1,11,4.67041416,9246.7849
Dell,2.000375611,16,3,1000,3,15,3.956825333,32178.2928
Asus,1.918706456,4,1,256,1,17,3.378933792,9033.5662
Dell,1.761419601,16,3,512,2,11,4.027283879,17106.4278
Acer,3.091075624,8,2,1000,3,14,3.855830867,31624.2177
Lenovo,3.266189316,4,1,256,1,15,3.705656767,9365.5567
Lenovo,1.578965362,4,1,256,1,16,2.177531216,8990.3245
Dell,3.840530616,8,2,512,2,13,3.898407832,17332.9428
Asus,1.629928209,8,2,1000,3,12,4.306760134,31505.4622
Asus,2.853240838,8,2,512,2,11,4.982244964,17127.6237
Acer,3.272651299,8,2,256,1,14,2.033235658,10059.0219
Dell,3.677422809,8,2,256,1,14,4.19052036,9555.867
Lenovo,3.28521733,4,1,1000,3,17,3.715367948,31506.8244
Asus,3.504320208,8,2,256,1,11,3.302156528,9071.1524
Dell,2.348625481,4,1,1000,3,15,2.382710524,31209.0821
Asus,3.537062784,4,1,512,2,11,3.227255446,17205.2057
Asus,1.700287116,8,2,1000,3,12,3.063131549,31593.9831
Lenovo,3.73704164,8,2,1000,3,14,2.908489667,31622.7557
HP,2.86898094,32,4,256,1,14,4.19263887,11079.297
Acer,3.543244425,4,1,256,1,15,4.102176564,9415.2641
Acer,2.630795711,8,2,1000,3,16,3.767060273,31809.7774
Lenovo,3.108944238,8,2,256,1,15,4.81599444,9899.1578
Asus,2.816006652,8,2,256,1,17,3.049563153,9795.0211
Dell,3.328973804,32,4,256,1,16,2.731405813,10900.5021
Asus,1.704074955,32,4,1000,3,15,3.967709939,32857.1207
Lenovo,1.65088021,16,3,256,1,16,2.596442183,9788.8237
Acer,2.117758085,4,1,1000,3,15,2.945031522,31343.0172
Asus,1.8988617,16,3,256,1,11,2.67380732,9619.8198
Acer,3.679458916,8,2,512,2,15,2.207460703,17397.549
Dell,2.048034968,32,4,256,1,12,4.482496225,10350.8145
Acer,3.93966314,32,4,256,1,15,2.763621629,10638.5024
Acer,2.342239479,16,3,1000,3,15,3.41908251,31985.3478
HP,1.955294789,32,4,1000,3,11,2.12994582,32500.1563
HP,3.474246268,8,2,256,1,12,4.098018399,9494.4389
HP,3.146769439,32,4,512,2,16,2.991683007,18033.2263
Acer,2.745489291,16,3,256,1,15,4.234210183,9848.9212
Lenovo,2.888408877,8,2,256,1,12,3.237209181,9048.6091
Acer,3.298004446,16,3,512,2,15,2.587266819,17515.9152
Lenovo,2.071136853,32,4,1000,3,15,3.539525247,32871.2655
Lenovo,3.99083479,16,3,256,1,14,2.391513679,10192.6702
HP,3.936982905,16,3,1000,3,17,3.32161748,32525.7947
Asus,3.125814216,4,1,1000,3,15,2.951916432,31661.6049
Dell,1.998856127,32,4,512,2,13,4.735878753,17853.6107
HP,3.200570606,32,4,512,2,16,2.182786165,18590.4167
HP,1.680496022,16,3,1000,3,16,4.082052242,31702.1484
Asus,1.576631256,4,1,256,1,12,2.548253498,9123.7853
Dell,2.144207221,32,4,1000,3,12,2.957135223,32868.8774
Acer,2.656557392,8,2,256,1,12,3.246542189,9596.5736
Acer,3.670681264,16,3,256,1,15,4.724045268,9974.8149
HP,3.317922674,32,4,512,2,15,2.727734798,18224.9191
Dell,3.356766303,8,2,256,1,15,2.273926408,9264.3625
HP,2.563733336,32,4,256,1,17,2.956068812,10359.7629
Lenovo,2.364837481,8,2,1000,3,16,2.314027912,31335.5817
HP,2.427596907,16,3,512,2,12,2.385789458,17545.4145
HP,3.969123909,32,4,256,1,13,3.721551794,11011.7935
Acer,1.600272979,32,4,256,1,14,2.182705799,10461.2148
Acer,3.66757874,4,1,512,2,13,2.092792644,17033.495
Acer,2.946688521,16,3,1000,3,15,4.143242304,32560.4142
Lenovo,2.596538548,8,2,512,2,16,3.084941285,17055.8558
Acer,3.313144151,32,4,512,2,13,2.376126048,18399.7771
Dell,2.716672354,32,4,256,1,14,2.760838313,10572.381
Asus,3.683558095,8,2,256,1,16,3.926259522,9524.5165
Dell,3.75175466,16,3,1000,3,13,2.826609701,32418.2259
Dell,2.554302317,4,1,256,1,12,3.483563375,8969.4997
Acer,2.192069493,4,1,256,1,14,2.36508592,8931.6416
Asus,2.980875821,32,4,512,2,11,3.764280913,18381.4529
Asus,3.780908364,8,2,256,1,17,2.948233052,9540.2637
Asus,2.026655473,32,4,1000,3,11,3.880905304,32722.197
Lenovo,3.057416459,8,2,512,2,14,4.425184647,17031.5806
Acer,3.07890055,4,1,1000,3,14,3.834939258,31558.7062
Asus,3.332782556,16,3,512,2,17,2.887242688,17501.2627
Lenovo,1.828919213,8,2,256,1,12,2.767231105,9029.9164
HP,3.289562412,4,1,512,2,12,2.982262876,16757.8752
HP,3.772581302,32,4,512,2,11,2.49386154,18579.2884
Lenovo,1.949207772,8,2,256,1,12,2.543515553,9217.4519
Lenovo,2.093858312,16,3,256,1,12,4.372073306,9783.6339
Acer,3.928487735,32,4,1000,3,15,3.15419773,33354.9026
Acer,1.952442382,32,4,1000,3,12,3.307985542,32611.7906
HP,3.635962733,4,1,256,1,11,3.782148397,9468.1506
Asus,2.730694641,8,2,256,1,16,3.768960485,9404.8194
HP,2.118077686,32,4,256,1,13,2.202130615,10413.731
Asus,3.676874753,16,3,512,2,13,4.494622359,17863.3457
Asus,2.613263138,8,2,512,2,13,2.53197966,17124.384
Acer,2.787043385,16,3,512,2,17,4.169214908,17442.2765
Dell,2.398083423,32,4,256,1,12,4.318012964,10554.6091
Dell,2.982377129,16,3,1000,3,16,4.144698602,31929.6745
Lenovo,1.908809681,4,1,256,1,16,3.73693294,9087.0716
Acer,2.477703842,16,3,512,2,11,2.043826991,17064.3618
Asus,3.923530806,8,2,512,2,17,3.081126477,17155.4225
Dell,2.145333582,16,3,256,1,13,3.814518288,9740.4134
Asus,3.141841661,16,3,256,1,12,3.162353888,9274.5255
Dell,2.312975161,4,1,512,2,16,4.590439685,17156.7107
Dell,3.433682814,16,3,512,2,15,2.926406826,17789.1721
Dell,1.827184152,16,3,512,2,15,2.880604377,16922.9904
Acer,3.924552613,32,4,256,1,12,2.797993079,11255.348
HP,2.634473853,32,4,512,2,14,2.998342607,18769.1517
Asus,2.090126158,8,2,512,2,16,3.672214893,16918.8715
Acer,1.683741868,32,4,1000,3,13,4.121045883,32466.675
Acer,1.924394763,32,4,256,1,13,3.987703753,10719.6654
Acer,2.799434871,32,4,1000,3,11,4.42315346,32767.2743
Acer,2.342507941,32,4,1000,3,12,4.657741986,32795.0413
Acer,3.572208415,4,1,512,2,16,4.448237127,17298.4659
Lenovo,2.577218809,32,4,256,1,14,2.05683621,10517.1827
Asus,2.121785681,4,1,512,2,17,4.207753861,16732.1769
Acer,3.042862467,4,1,256,1,13,2.625198721,8975.3265
Asus,3.266943042,32,4,1000,3,15,2.398784128,32909.1145
Lenovo,1.91760477,16,3,256,1,13,3.915466354,9526.0426
Lenovo,1.919048041,4,1,512,2,13,2.959229586,16430.1618
Asus,1.591678567,16,3,512,2,12,2.17135149,16969.9222
Dell,3.341005038,16,3,512,2,13,2.412889203,17572.4399
HP,3.159511319,32,4,256,1,14,2.002788251,10307.6021
Dell,2.686577189,8,2,1000,3,17,4.709670882,31553.3989
Dell,3.610426122,32,4,1000,3,15,2.073853952,33489.9697
Dell,3.514175382,8,2,256,1,12,2.628367309,9431.3672
Acer,2.963385911,8,2,512,2,11,3.248788342,16951.44
Lenovo,3.670678201,32,4,1000,3,12,3.069713978,32968.6121
Dell,2.014603025,32,4,512,2,14,4.735177631,18036.245
Lenovo,1.779799048,8,2,256,1,16,2.120866837,9341.5442
Asus,2.174374029,32,4,512,2,17,3.536644123,18293.3319
HP,1.64271714,8,2,1000,3,11,4.041438388,31331.8761
Asus,2.82792382,16,3,1000,3,14,4.795093921,32057.5976
Asus,3.841514231,32,4,512,2,14,3.861113756,18728.7504
Acer,1.598358852,16,3,256,1,15,4.411265708,9252.2248
HP,1.805274785,4,1,512,2,14,2.251174814,16674.1763
Asus,2.630497571,16,3,256,1,15,3.157818533,9804.0153
Asus,3.834687544,16,3,512,2,15,3.121841403,17539.3524
HP,2.290390262,8,2,1000,3,12,4.658864649,31522.5035
HP,2.768087022,16,3,256,1,16,2.454113514,9642.7071
Asus,1.603932148,32,4,256,1,12,2.455658517,10438.4516
HP,1.870858002,8,2,256,1,15,2.98567445,8960.4972
Asus,3.966575307,4,1,1000,3,13,2.163398142,31954.0853
Asus,3.912796741,32,4,512,2,14,2.547374122,18484.0867
Acer,1.512349952,4,1,1000,3,16,4.895628916,31192.3027
Dell,3.879529464,16,3,256,1,16,3.28455182,9848.907
Asus,3.097799845,32,4,512,2,16,3.896057625,18564.8737
Lenovo,3.669795736,32,4,1000,3,14,4.178333778,32943.0212
Dell,2.636849639,4,1,256,1,15,3.100884221,8951.2602
Dell,2.788990071,32,4,256,1,14,2.441681223,10805.2215
Dell,2.722116451,32,4,1000,3,16,2.619743049,32761.7174
Acer,3.167160644,32,4,1000,3,13,2.93979943,32953.4708
Asus,1.849128137,16,3,1000,3,17,3.908205261,32130.9326
Acer,1.574933975,4,1,256,1,17,3.194841647,9026.5086
Asus,2.269824854,32,4,1000,3,15,2.020444094,33188.9232
Acer,3.261701907,8,2,256,1,13,3.570221555,9283.178
Acer,2.00463363,8,2,1000,3,12,4.764540176,31446.9775
Lenovo,3.183581083,8,2,256,1,16,4.436232833,9468.2827
Acer,3.924780115,8,2,256,1,12,4.475634114,9684.2829
HP,1.734751789,16,3,512,2,16,4.385174053,17543.3345
Lenovo,3.181505296,32,4,1000,3,14,2.971192477,33000.2042
Acer,2.609375548,4,1,1000,3,13,4.295581501,31420.1733
Dell,3.670355636,32,4,256,1,16,2.429484073,10521.5608
HP,1.942874474,16,3,256,1,15,3.973148442,9643.7818
HP,3.231564881,8,2,256,1,14,3.9247057,9346.1996
HP,3.595288224,16,3,512,2,14,2.076709397,17769.0297
Lenovo,3.861535549,32,4,512,2,13,4.363910401,18371.2715
Acer,3.208120071,4,1,256,1,16,4.709744315,9240.6761
Acer,2.74293691,16,3,1000,3,13,2.802245835,31778.8471
Dell,3.044618101,4,1,1000,3,17,4.437172173,31234.9289
Dell,3.672262461,16,3,512,2,16,2.247217916,18071.4559
HP,2.926524367,4,1,512,2,13,3.799903575,16893.7403
Dell,1.575967649,4,1,256,1,15,3.456940596,9049.0269
Lenovo,3.827371739,8,2,1000,3,14,3.6377706,31735.4244
Acer,3.223816878,4,1,256,1,13,4.778615606,9412.5999
HP,3.191283464,8,2,512,2,17,4.613945742,17329.7678
Dell,2.039187881,32,4,1000,3,11,4.355250972,32526.8281
Lenovo,3.147213676,32,4,1000,3,13,2.821095373,32739.6482
Lenovo,2.484661014,8,2,512,2,14,4.735455886,16845.481
Dell,3.128082443,8,2,256,1,14,2.292523077,9459.6691
Acer,1.766482576,16,3,256,1,15,4.55998765,9611.79
Dell,3.144613262,16,3,1000,3,16,2.984480217,32216.9578
HP,3.998534314,16,3,512,2,15,2.161316935,17992.6571
Dell,1.620530097,32,4,1000,3,15,4.008070953,32533.0677
Lenovo,3.942935461,16,3,512,2,11,2.693839785,17430.738
Dell,2.517269902,4,1,256,1,13,2.730713378,9121.3503
Acer,3.676883626,4,1,512,2,12,2.918141499,16675.425
Asus,3.45596371,16,3,256,1,13,2.191054303,10040.2741
Dell,2.917540652,4,1,512,2,14,2.531381433,16924.3075
Acer,3.346123023,32,4,1000,3,12,2.015418883,32925.4034
Acer,3.696288903,4,1,256,1,13,3.336228563,9262.4588
Lenovo,2.510350804,32,4,1000,3,12,2.252766132,33009.9918
Acer,2.317582904,8,2,1000,3,17,4.047957815,31832.4869
Acer,3.168983464,8,2,256,1,17,2.706868554,9470.8135
Acer,3.519614855,8,2,256,1,15,4.830722432,9647.1625
Acer,3.405712837,8,2,1000,3,17,4.613754882,32038.6218
HP,3.494534122,4,1,1000,3,16,2.868322685,31751.6264
HP,2.588958287,16,3,1000,3,15,4.349646364,32023.9959
Lenovo,3.54458554,4,1,1000,3,11,4.409734714,31661.8255
Dell,1.800522638,32,4,256,1,16,4.959689342,10195.3923
Acer,2.861222745,4,1,256,1,15,3.793519961,9232.8291
Dell,1.514396651,4,1,1000,3,15,2.245897204,31227.6255
Dell,2.311464575,32,4,512,2,16,3.940511687,18116.1656
Lenovo,2.416153837,8,2,512,2,14,3.874939245,16640.7278
Acer,2.490431729,8,2,256,1,15,3.915051732,9137.9063
Acer,3.238668017,8,2,1000,3,17,2.921436944,31753.5609
Asus,2.471395253,16,3,1000,3,13,4.579038755,32192.5931
Dell,2.621734057,32,4,256,1,15,4.878416549,10617.702
Dell,2.093860327,32,4,512,2,14,2.653137539,18317.2581
HP,2.433129479,4,1,512,2,15,2.264456474,17073.492
Asus,2.068174068,16,3,512,2,16,2.5836051,17425.2078
HP,1.682989809,8,2,256,1,11,4.461656418,9125.4944
HP,3.008621483,16,3,512,2,15,4.029933904,17324.4182
HP,3.170531996,32,4,256,1,12,3.908142027,11019.5682
Lenovo,3.048725865,32,4,256,1,15,3.205379405,10374.5265
Lenovo,2.65873511,4,1,1000,3,14,3.733483915,31494.3586
HP,2.44946445,4,1,512,2,16,2.923622376,17000.0428
Asus,3.658334124,32,4,256,1,12,3.431600238,10881.5064
Dell,2.797704463,8,2,512,2,15,4.379189085,16839.8899
Asus,2.697954694,8,2,512,2,13,4.943724792,16919.5896
Acer,1.564105165,16,3,1000,3,16,4.797466771,31727.4133
Lenovo,2.353119569,32,4,512,2,17,4.801597829,17817.9271
Dell,2.450489047,32,4,1000,3,17,3.206671205,32923.6642
Dell,2.497056952,8,2,256,1,16,3.406369642,9217.3455
Acer,2.950430923,8,2,512,2,16,4.116906189,17420.4617
Acer,2.834006367,32,4,256,1,12,4.766575784,10668.0305
HP,3.019762732,4,1,512,2,13,2.425982778,16908.294
Lenovo,3.412208154,32,4,256,1,14,2.912725591,10614.6564
Lenovo,3.532464347,32,4,512,2,16,2.417740534,18478.1444
Asus,3.295307691,8,2,512,2,16,3.83602559,17159.3224
HP,3.88880924,8,2,512,2,12,2.918902991,17265.1773
HP,1.545581457,4,1,512,2,17,2.978323558,17050.3443
HP,1.989444964,4,1,512,2,15,2.212747878,16526.2852
HP,1.518907187,16,3,512,2,15,3.049388185,17192.8517
Lenovo,3.118686785,32,4,512,2,12,4.587489522,18423.1211
Lenovo,3.745076372,8,2,512,2,11,2.699218436,17128.6579
HP,2.108705741,4,1,512,2,14,4.085562399,17045.2097
Asus,3.817586362,16,3,256,1,15,3.888885035,10138.5021
Dell,1.650668476,16,3,1000,3,12,4.590453825,31685.7448
Dell,3.836090067,8,2,512,2,14,2.396863843,17330.8379
Asus,2.379056718,8,2,1000,3,16,4.932769881,31508.3411
HP,1.753552071,16,3,512,2,16,3.747885938,17134.1078
Lenovo,2.714679398,4,1,512,2,17,4.986422457,16856.3147
Dell,2.141941419,16,3,256,1,13,4.734544178,9877.7014
Acer,2.212182255,32,4,256,1,13,2.664551816,10603.0459
Acer,2.268224912,32,4,1000,3,15,2.16848603,32837.3757
Asus,3.507564745,8,2,256,1,14,2.766917281,9681.8145
HP,2.847903192,4,1,256,1,12,3.582690947,9197.9833
Dell,2.278269248,4,1,1000,3,13,2.514789101,31150.4635
HP,3.025834458,32,4,256,1,14,2.502379234,10601.3454
Dell,3.290376686,16,3,512,2,13,3.387780641,17524.6676
Asus,2.181560002,8,2,1000,3,13,2.099803914,31727.5167
Asus,2.533872754,16,3,1000,3,13,2.365664248,31925.0769
Acer,1.804715233,16,3,512,2,11,3.247584018,17030.9142
HP,1.952873374,16,3,256,1,15,2.189389728,9636.0228
Acer,3.202794635,4,1,1000,3,15,3.190265169,31471.2465
HP,1.953595869,32,4,1000,3,15,3.422018798,32690.2032
Acer,2.812908459,4,1,512,2,12,3.353799842,16815.945
Lenovo,3.272615654,32,4,512,2,13,4.607524572,18247.3176
Lenovo,1.767192308,8,2,256,1,15,3.590187365,9384.527
Lenovo,2.918280549,8,2,1000,3,15,3.403941387,32024.431
Lenovo,2.141406959,16,3,256,1,14,3.232127736,9829.3019
Dell,3.907317188,32,4,256,1,13,4.452870135,10424.7449
Lenovo,2.708864117,32,4,512,2,16,4.685169812,18156.0781
Asus,3.514981374,32,4,1000,3,13,4.559727408,32982.441
Asus,2.875566355,16,3,1000,3,14,4.020639734,31740.3265
Dell,1.608531332,16,3,1000,3,15,2.412085238,31723.7807
Lenovo,3.082878439,8,2,512,2,14,2.830609908,17095.1462
Lenovo,3.878508356,4,1,512,2,13,2.138189191,16986.1513
Lenovo,3.00402955,32,4,512,2,14,4.792472225,18286.8886
Acer,3.547972149,32,4,512,2,16,3.982395589,18168.9425
HP,3.710516158,4,1,512,2,13,4.239088653,16921.0314
Acer,2.07019943,32,4,1000,3,12,2.934715219,32752.1453
HP,2.0301121,16,3,256,1,13,4.536960567,9600.2727
Lenovo,3.027452472,16,3,1000,3,16,2.778809851,32289.0252
Lenovo,2.527571175,32,4,256,1,12,2.004931271,10573.8586
Acer,3.599653257,16,3,512,2,17,3.129244888,17606.2203
Acer,3.750057808,16,3,256,1,14,3.712284443,10001.8328
HP,2.383553448,32,4,1000,3,17,3.436114574,32720.5324
Asus,2.092176397,8,2,1000,3,17,4.586228428,31551.2069
HP,3.451313788,4,1,256,1,14,2.316215858,9110.3148
Acer,2.187015089,16,3,512,2,12,3.661470322,17517.6921
Acer,3.556535796,8,2,512,2,12,3.538938049,17121.0051
Dell,2.559345634,16,3,1000,3,12,2.844178947,32245.0148
Acer,3.168874748,16,3,256,1,15,4.466684338,9936.6232
Dell,1.738838285,4,1,512,2,13,4.258545968,16440.8037
Asus,3.059648312,16,3,512,2,13,4.198577562,17541.1362
HP,2.629419197,4,1,1000,3,14,4.628577435,31615.3952
HP,2.966521158,4,1,512,2,16,4.168353802,16925.6925
Dell,1.920035519,4,1,256,1,12,2.695523875,8994.5849
HP,3.342184362,8,2,1000,3,11,4.116688135,31637.5817
Acer,3.656992694,32,4,1000,3,11,2.92310844,33034.1997
Lenovo,2.0418495,8,2,256,1,16,2.726523951,9337.2563
Dell,1.739286389,32,4,1000,3,15,2.219010779,32607.606
HP,1.559096465,32,4,512,2,13,4.232085741,17766.4041
Dell,3.104928751,4,1,512,2,12,4.133002886,17138.5129
Dell,3.01773509,16,3,256,1,13,2.703498433,9932.6481
Lenovo,2.866743532,4,1,512,2,12,4.24813705,16715.1113
Acer,2.07986774,16,3,256,1,17,4.753522649,9725.3537
Dell,2.47726499,32,4,256,1,16,2.324086872,10270.6011
HP,2.986190838,4,1,512,2,14,2.697909915,16510.3318
Asus,2.741917147,16,3,256,1,16,4.250782382,10026.4977
Dell,3.969463801,8,2,512,2,12,2.823520021,17321.5028
Dell,1.841099381,16,3,1000,3,15,3.873991923,31925.9939
Lenovo,3.237861385,4,1,1000,3,16,2.243492673,31694.4047
Acer,2.51079692,8,2,256,1,13,3.356607437,9956.6319
Asus,2.570499037,16,3,512,2,16,4.217274266,17616.6419
HP,3.293994414,16,3,512,2,13,4.059541829,17324.5241
Asus,3.231090378,16,3,1000,3,13,4.445216302,31821.5535
HP,3.978139984,16,3,1000,3,12,4.63235638,32493.0584
Acer,1.820985724,16,3,512,2,14,4.319550504,17425.0278
HP,1.760274123,8,2,256,1,15,4.014763229,9314.4848
Lenovo,3.310847043,32,4,1000,3,17,2.095167475,32911.4684
Lenovo,2.945967293,8,2,256,1,15,3.60490002,9498.2572
Lenovo,2.185401666,8,2,256,1,16,2.113093175,9174.8566
Lenovo,1.698548422,8,2,1000,3,16,4.424203451,31646.7234
Asus,1.714145624,32,4,256,1,12,2.962173573,10530.5399
Acer,3.735477187,4,1,256,1,14,3.687288122,9259.8261
HP,1.979668312,32,4,512,2,12,2.838335922,18287.9432
HP,2.308428905,8,2,256,1,15,4.347500433,9323.0396
Lenovo,2.066641006,16,3,512,2,17,4.65950758,17459.0957
Lenovo,2.387490765,16,3,1000,3,12,3.195927483,31720.0629
Dell,1.673559607,8,2,1000,3,15,4.588767181,31543.3331
Acer,2.797649477,16,3,512,2,15,2.801225022,17352.2693
Asus,1.669031409,8,2,1000,3,15,3.603982769,31582.7257
HP,3.50089127,16,3,256,1,13,4.57628429,10194.6624
Dell,2.084280205,32,4,256,1,13,2.977644028,10487.5994
Dell,2.850029787,4,1,256,1,11,4.862126795,8946.6436
HP,3.700197719,4,1,1000,3,12,2.365638505,31787.8254
Asus,3.127193423,32,4,256,1,11,2.054825209,10687.0694
Dell,2.832394466,32,4,1000,3,14,4.712406058,33320.8452
Dell,2.310834383,8,2,256,1,12,2.205945998,9303.6034
Acer,2.332504783,8,2,512,2,16,4.975667588,16884.4116
Asus,3.173717388,8,2,1000,3,14,4.854190586,31923.107
Dell,3.985348403,16,3,1000,3,15,2.41106273,32351.3862
Asus,3.154597975,8,2,256,1,13,3.612753877,9460.1451
HP,2.894458543,32,4,1000,3,14,2.554760892,32754.9185
Lenovo,3.326626276,4,1,1000,3,17,3.284465519,31641.1127
Dell,2.663014031,16,3,512,2,11,2.184275388,17406.8491
Acer,1.650355857,8,2,512,2,13,2.671773763,16788.1562
HP,2.90574204,16,3,256,1,16,3.089818389,9725.6714
Asus,3.894063211,16,3,512,2,12,3.315942501,17695.1475
HP,1.938257356,8,2,256,1,11,4.932488775,8962.7114
Dell,3.225012227,16,3,256,1,13,4.423596937,9612.3525
Asus,2.002334222,4,1,256,1,12,4.212229833,9111.3119
Lenovo,2.839569211,32,4,1000,3,15,3.611123944,33045.5621
HP,1.741691124,32,4,512,2,12,4.519993282,17748.7704
Dell,2.625927341,4,1,256,1,16,3.017968507,8836.5785
Acer,3.390408322,16,3,512,2,16,4.126697338,17409.0863
Asus,2.368928811,8,2,256,1,15,4.981351926,9282.2771
HP,3.162279311,16,3,512,2,15,2.943886727,17787.9202
HP,3.488624902,4,1,512,2,16,4.022052605,17010.5714
Lenovo,3.817944549,16,3,256,1,12,4.532944592,9791.1547
Lenovo,2.086605205,32,4,1000,3,16,4.74742275,32824.3371
Acer,2.49828979,16,3,512,2,16,4.153798073,17410.0558
Acer,1.881040033,4,1,1000,3,15,2.85082377,31081.2776
Dell,3.981208755,32,4,1000,3,14,2.978846455,32878.7914
Dell,3.81750242,16,3,256,1,12,2.062274096,9702.7875
Acer,2.849892826,16,3,256,1,14,4.282657933,10273.948
Acer,3.605083236,32,4,256,1,16,2.128218818,10966.9592
Asus,2.802394943,8,2,512,2,11,4.593957064,16879.6096
Lenovo,3.05896422,32,4,256,1,16,2.355981843,10903.7325
Dell,1.72281108,8,2,256,1,12,2.515629536,9034.6032
Lenovo,3.388176051,4,1,512,2,12,3.429579412,17155.6926
Lenovo,1.819283709,4,1,512,2,12,4.213641246,16631.6658
Acer,3.565169076,32,4,256,1,11,2.417006616,10560.3635
Asus,3.455070219,32,4,256,1,14,3.320213225,10856.6064
HP,3.271861744,4,1,256,1,12,3.448553823,9273.5819
Asus,1.590400951,8,2,256,1,17,2.636856925,9290.097
Asus,2.25782089,4,1,1000,3,14,2.34667513,31460.1312
Lenovo,2.157781425,32,4,1000,3,12,4.509262769,32764.0128
Asus,2.400341019,4,1,256,1,15,3.507396949,9287.7565
Dell,1.719106867,32,4,1000,3,16,2.043143708,33267.8805
Lenovo,3.842394558,32,4,512,2,15,4.408943904,18743.5694
Dell,2.884505602,4,1,1000,3,11,4.942381416,31500.5791
HP,2.263810777,8,2,1000,3,16,3.817778586,31579.9691
Lenovo,2.492453793,16,3,256,1,16,3.511125161,9718.504
HP,2.618006351,4,1,1000,3,12,4.635247589,31165.0194
Lenovo,3.001485833,16,3,1000,3,11,4.857550369,32210.8447
Acer,2.789198569,4,1,1000,3,14,4.263610748,31299.0963
Asus,3.798479933,16,3,1000,3,12,3.336358789,32190.5658
Acer,2.742408707,8,2,512,2,16,3.776664198,17224.9358
HP,3.980395037,8,2,256,1,13,4.102806095,9550.586
Asus,3.628562394,4,1,256,1,16,2.582820713,9310.9738
Lenovo,2.021276286,32,4,512,2,14,3.341603097,17879.2257
Asus,3.826488037,16,3,1000,3,12,4.489463794,32503.389
Dell,1.790915995,32,4,512,2,12,3.964176045,17848.6489
Asus,3.543624271,32,4,1000,3,14,3.233612202,32948.3903
Dell,2.451558234,32,4,512,2,16,3.990087602,17863.4909
Asus,3.694935801,8,2,256,1,16,2.354667236,9605.249
Dell,3.670141725,4,1,256,1,13,3.204492832,9268.4153
HP,3.5148135,4,1,256,1,12,4.379385614,9320.05
Acer,3.475076091,8,2,1000,3,11,2.661526361,31555.4844
Lenovo,2.261697848,8,2,1000,3,15,2.557884523,31775.1008
Asus,1.702298208,4,1,512,2,11,4.85245598,16213.2812
Acer,2.507450447,32,4,512,2,14,2.629692889,18187.249
Lenovo,1.933811287,16,3,256,1,15,2.782755739,9654.2342
Lenovo,3.237377722,16,3,1000,3,17,4.908847817,32242.3949
Dell,2.365249316,16,3,512,2,13,4.204125711,17379.9758
HP,3.939025502,32,4,1000,3,12,4.098789599,33254.5242
HP,3.102430193,4,1,1000,3,15,4.558779152,31838.3372
Acer,3.556201409,8,2,256,1,15,2.347469247,9530.9527
HP,1.831311682,4,1,256,1,13,4.11786871,8771.3683
Asus,3.655036206,32,4,1000,3,17,3.511065828,33239.4123
HP,3.806892976,8,2,1000,3,16,4.487451921,31881.8397
Acer,2.717654797,32,4,1000,3,12,3.524425156,33108.0886
HP,3.015632344,16,3,1000,3,12,3.860724063,31992.823
Asus,3.412024502,16,3,256,1,14,3.433226379,9737.9465
Dell,1.937096568,32,4,512,2,16,3.434476771,18154.6619
Acer,2.756415191,8,2,256,1,11,4.303909934,8965.4452
Dell,2.496657569,8,2,512,2,15,3.885699202,16930.189
Dell,1.86593498,4,1,1000,3,15,3.899789605,31266.0093
Dell,2.418836056,16,3,512,2,12,3.350847451,17402.1308
Lenovo,1.670430773,4,1,256,1,15,3.593328489,8780.6608
Lenovo,1.564529767,4,1,256,1,17,4.237152999,8807.4563
Dell,1.837915723,32,4,1000,3,11,4.477822757,32879.802
Acer,3.907787779,32,4,256,1,13,4.089684206,10776.3267
Asus,2.87382384,4,1,1000,3,14,4.772218967,31672.5512
Asus,3.914555403,16,3,256,1,16,4.460972264,9937.8551
HP,2.581244696,32,4,256,1,17,3.685591369,10583.9742
Acer,2.279540333,4,1,1000,3,14,4.014218218,31431.9666
Lenovo,2.765354657,4,1,512,2,16,4.778924831,17224.7961
Dell,2.598779222,4,1,256,1,14,3.857504133,9101.4565
HP,1.764161711,4,1,512,2,14,4.474420844,16619.3683
Asus,3.102065787,4,1,256,1,13,4.066431511,9432.7514
Lenovo,2.040095456,4,1,256,1,12,3.655809083,8921.5335
Lenovo,3.048969887,32,4,256,1,13,2.725514586,10674.0253
Dell,3.125502731,16,3,256,1,14,3.277992558,10061.2718
Asus,1.880062133,4,1,512,2,11,4.903228475,16495.3104
Acer,1.653374068,8,2,512,2,16,3.97329615,16947.9042
Lenovo,3.451903965,32,4,256,1,12,3.693186141,11021.3131
Dell,2.649501059,32,4,256,1,12,4.798869877,10692.5858
Acer,1.645409489,4,1,512,2,14,3.759535343,16690.6663
Asus,3.987165793,32,4,1000,3,15,3.578247555,33122.0002
Lenovo,1.644451402,4,1,1000,3,12,4.277932565,31096.7348
Acer,3.237588072,16,3,512,2,13,4.137996857,17326.6238
Acer,3.959197313,16,3,256,1,17,2.579480025,10384.2104
Acer,2.097950261,32,4,256,1,13,3.413924824,10680.0262
Lenovo,1.855623422,32,4,1000,3,13,3.417546328,32563.0923
Lenovo,1.803462349,8,2,1000,3,16,3.134673546,31617.263
HP,2.258187869,32,4,512,2,11,3.551880446,18124.4098
Asus,1.752614528,8,2,1000,3,14,3.239322193,31730.7664
Dell,3.230403354,16,3,512,2,13,2.598036468,17622.2146
Acer,1.655729495,16,3,1000,3,13,3.237099462,31852.2016
HP,2.77355532,4,1,1000,3,13,2.216830843,31378.4896
Dell,3.991742135,16,3,1000,3,12,3.727357588,32360.2133
HP,3.534925674,8,2,256,1,13,4.560963647,9429.5181
Lenovo,3.038048596,32,4,256,1,11,4.175861253,10615.1544
Acer,2.265634052,4,1,256,1,16,3.08118212,9100.8364
Dell,3.059739591,8,2,1000,3,13,2.261213617,31682.6247
Dell,2.81760366,32,4,512,2,14,2.606448198,18076.1766
Dell,2.56520846,4,1,512,2,16,3.636471021,16966.7474
Dell,1.826775942,16,3,512,2,15,2.62117125,17306.6241
Dell,3.716510538,8,2,512,2,11,3.631919334,17545.4342
HP,2.624461622,32,4,256,1,17,2.694797074,10404.6564
Acer,1.98655628,4,1,256,1,12,4.546771608,9105.3605
Lenovo,2.419398377,4,1,1000,3,12,3.191814419,31368.3459
Lenovo,2.535324381,16,3,1000,3,16,2.736651878,32511.8254
Lenovo,3.568844739,32,4,512,2,14,4.436978541,18519.2508
Lenovo,3.334035951,16,3,256,1,14,3.028516894,9953.5122
HP,3.423262234,16,3,512,2,12,2.334463064,17555.2277
Asus,1.527578161,32,4,1000,3,14,3.711228474,32513.4757
Acer,2.540384995,32,4,1000,3,13,3.744692613,32885.8348
Dell,2.703360379,32,4,512,2,16,4.144087026,18010.9606
Asus,1.547980692,8,2,1000,3,12,2.7206583,31160.9573
Lenovo,2.149533022,32,4,512,2,16,3.331314017,18385.2038
Asus,3.400724558,4,1,256,1,14,2.847103757,8966.3777
Acer,1.842774264,16,3,512,2,16,2.242861208,17261.6301
Dell,2.838275329,8,2,256,1,15,4.629841481,9197.0729
Dell,2.03800468,32,4,256,1,15,4.186609413,10368.8441
Acer,1.530301937,8,2,1000,3,13,2.904389178,31472.8471
Acer,2.103003644,32,4,1000,3,12,3.798118979,32927.5982
Lenovo,3.939684387,8,2,1000,3,12,2.603791364,32150.732
Dell,3.50384278,16,3,512,2,16,4.670709865,17453.1338
Asus,3.898941611,16,3,512,2,16,2.34471903,17641.6
HP,2.71963511,4,1,1000,3,14,2.011511437,32307.1908
HP,1.774340497,4,1,512,2,12,3.506024593,16565.6935
Acer,2.869898722,32,4,1000,3,13,3.74938347,32725.914
Lenovo,2.635943336,16,3,512,2,15,3.736895961,17300.9808
HP,3.610892707,8,2,256,1,14,2.163535782,9506.2436
Dell,1.745206452,8,2,256,1,16,2.942131421,9134.6952
Acer,2.720602843,8,2,1000,3,17,3.497596841,31701.9853
Asus,1.875121662,4,1,512,2,12,2.649737557,16647.1775
Acer,2.311689817,8,2,512,2,14,4.617877656,16945.6357
Asus,3.343392693,4,1,256,1,14,2.261327868,9106.686
Acer,2.690045323,4,1,256,1,13,3.462153325,9213.7928
Acer,2.439720713,32,4,1000,3,12,4.074248173,32815.1825
Acer,2.486190696,8,2,256,1,11,2.7852533,9376.585
Asus,2.648616921,8,2,1000,3,16,3.872722211,31374.5597
Asus,3.46254136,16,3,256,1,14,4.48815545,9929.3774
Acer,3.730211722,32,4,256,1,14,2.571010925,10382.8404
HP,3.888336716,16,3,512,2,17,4.751661775,17685.0696
Lenovo,3.467258466,32,4,256,1,16,3.660675598,10881.5871
Lenovo,2.288517239,8,2,256,1,12,2.897696013,9453.5425
Lenovo,3.220336765,4,1,1000,3,14,3.292574826,31665.884
Asus,2.59400781,4,1,256,1,14,2.936575651,9277.5842
Asus,2.136676555,4,1,1000,3,16,4.17533348,31341.4463
HP,3.602178949,4,1,256,1,15,4.38890199,9261.6211
Lenovo,1.596065872,4,1,256,1,15,4.498812177,9495.6254
Lenovo,3.75440498,16,3,1000,3,13,4.957304749,32427.6054
Acer,2.653693662,32,4,512,2,16,4.373852877,18028.9991
Asus,3.093003692,8,2,1000,3,11,3.804152212,31359.9134
Lenovo,3.148384806,16,3,1000,3,12,3.017660895,32045.6415
HP,3.737794352,32,4,1000,3,13,3.633786346,33309.8695
HP,3.091674205,4,1,512,2,11,2.123204518,16896.0675
Lenovo,3.034833962,32,4,256,1,12,4.234475227,10148.0174
Asus,1.666630101,32,4,1000,3,16,3.337866635,32684.1068
HP,2.796020055,4,1,1000,3,17,2.060069689,31571.9132
Acer,1.875422502,4,1,512,2,13,2.187520825,16186.6281
HP,3.343584422,4,1,1000,3,13,3.162399391,31593.668
Dell,2.780554802,8,2,256,1,13,3.750264557,9149.5218
Dell,3.200569448,4,1,512,2,13,3.392611847,16552.4048
Asus,1.604182252,8,2,256,1,11,3.857612952,9407.4735
Lenovo,1.71198004,4,1,256,1,17,3.440882776,8807.6967
